GCM_average/hds_average_1960_2014_historical_gfdl-esm4.nc,5.38 GiB,60dee5b09aac00a5fedabd0fb8c6f0c818f93ad0405b5f6359b98001c9d6eec6 
GCM_average/hds_average_1960_2014_historical_ipsl-cm6a-lr.nc,5.38 GiB,6e165e43671fbd17cfb1a46b6a5c059aeb753c5cefbf6d59688c2f7811a3a4d8 
GCM_average/hds_average_1960_2014_historical_mpi-esm1-2-hr.nc,5.38 GiB,bf528881fbe5e9a031427b459b04baee86be78e87310ccc3ec4cf40852dad11f 
GCM_average/hds_average_1960_2014_historical_mri-esm2-0.nc,5.38 GiB,8a4a6866fd9a1a6442be1ae237674347d0450cb4658bfb7537929bfa6c0e5f79 
GCM_average/hds_average_1960_2014_historical_ukesm1-0-ll.nc,5.38 GiB,9bca9e56c938b06d69481bb9cce6c8a1d89769789fada2b6e06a53b7f54efff1 
GCM_average/hds_average_2015_2100_ssp126_gfdl-esm4.nc,5.38 GiB,31683cd3fac18e46633e828828e9ed78c9aa74ae4913908f67065b41313b5330 
GCM_average/hds_average_2015_2100_ssp126_ipsl-cm6a-lr.nc,5.38 GiB,5f5bf1f9e98e16986a9f5058b102b6dfac46f86f3ce8723ff4aae7671f4543c7 
GCM_average/hds_average_2015_2100_ssp126_mpi-esm1-2-hr.nc,5.38 GiB,0eb96e9d300a432467833cff1934f23def60c01d34359332f78272fa354850ef 
GCM_average/hds_average_2015_2100_ssp126_mri-esm2-0.nc,5.38 GiB,a43e544d2f824148ab1b985c9ca7bcb60b6df9ba8798f06b6f964d4881a575d4 
GCM_average/hds_average_2015_2100_ssp126_ukesm1-0-ll.nc,5.38 GiB,8db547396736424a2a0a6d0f2a5d4b8290b5a23f1652a2a50370132a33afcac2 
GCM_average/hds_average_2015_2100_ssp370_gfdl-esm4.nc,5.38 GiB,aacbfdf8fb30f1dca4fd6a380a4d52f07875980f481baacf1de928c0acb14fc7 
GCM_average/hds_average_2015_2100_ssp370_ipsl-cm6a-lr.nc,5.38 GiB,8033a1eb10084b10f4d283ad19f248cfdf22c432f75ff7a1c22755ed16967964 
GCM_average/hds_average_2015_2100_ssp370_mpi-esm1-2-hr.nc,5.38 GiB,a8467a7f985649cb40c635b99cd34f2f6972cf353979dee807c1ef3effe2458d 
GCM_average/hds_average_2015_2100_ssp370_mri-esm2-0.nc,5.38 GiB,de147a92be173410b06a0947070fb39e5295243734ae75f34338b03a8ffa204f 
GCM_average/hds_average_2015_2100_ssp370_ukesm1-0-ll.nc,5.38 GiB,3a7379b2c3e6fa0682a0d00dd688b130dbc98f9823787ec26850035574c5330c 
GCM_average/hds_average_2015_2100_ssp585_gfdl-esm4.nc,5.38 GiB,4a85d6e820dc45e23e1c72891fb7349098fdb2f46a20848af8c5031a56e5756f 
GCM_average/hds_average_2015_2100_ssp585_ipsl-cm6a-lr.nc,5.38 GiB,34c6e9bc89db89848f100b9aae9cfde64c9abcc4f01147dc4b1e0edbd6248ce4 
GCM_average/hds_average_2015_2100_ssp585_mpi-esm1-2-hr.nc,5.38 GiB,dfe74eb37eab58f1fb8fe7045c9bb6d118e3b93080ae9f76dfff312646e724af 
GCM_average/hds_average_2015_2100_ssp585_mri-esm2-0.nc,5.38 GiB,3325584e9594de373798dbfbdf7fe73f6beb0827f0f09cb3cc449fd4968cd9c2 
GCM_average/hds_average_2015_2100_ssp585_ukesm1-0-ll.nc,5.38 GiB,f478ff6815c49cea6ea82ef6f76edf954a695d06e83c3eb59134e9632037980c 
GCM_average/wtd_average_1960_2014_historical_gfdl-esm4.nc,5.38 GiB,b5fad312823e50f42950b938f5d52c9856358082868854fde6aebc50c3e27e86 
GCM_average/wtd_average_1960_2014_historical_ipsl-cm6a-lr.nc,5.38 GiB,2b0458cdaa32a37f7ff5dc017891c99dcef046fe71b4fcb0af5a92caef49d9c5 
GCM_average/wtd_average_1960_2014_historical_mpi-esm1-2-hr.nc,5.38 GiB,ebf77cdd15afa6612d5e152bb2fd0edaec9e53a5400de25f4b746c48155b6743 
GCM_average/wtd_average_1960_2014_historical_mri-esm2-0.nc,5.38 GiB,bace5697e45844decfbe043c96f4361ab9674a637d3b37131154c659365f3963 
GCM_average/wtd_average_1960_2014_historical_ukesm1-0-ll.nc,5.38 GiB,75d0c7a5b0fdb1f099a178225127b092f5e335fc962a5e3425294cf5f4423695 
GCM_average/wtd_average_2015_2100_ssp126_gfdl-esm4.nc,5.38 GiB,f27ed914c319d2b8059727482db9879b7815593fb2f8a70d2ba78d71d8614270 
GCM_average/wtd_average_2015_2100_ssp126_ipsl-cm6a-lr.nc,5.38 GiB,b5bc2066745297d6780a705042522a026eabf461faede82e1336b2bc4d740e51 
GCM_average/wtd_average_2015_2100_ssp126_mpi-esm1-2-hr.nc,5.38 GiB,9196c45a7a1910a2c244d116ece24392902021c1509dccc0f5938c2cd7b08323 
GCM_average/wtd_average_2015_2100_ssp126_mri-esm2-0.nc,5.38 GiB,71b4f30d6601b9b85aaf8a4e0602b4180af880cbb35cfe5e9e1a0abb7cc3c779 
GCM_average/wtd_average_2015_2100_ssp126_ukesm1-0-ll.nc,5.38 GiB,44401d928148c6ce2028db43b823d2685ffd7494512b606e2eb68a34c7304fe3 
GCM_average/wtd_average_2015_2100_ssp370_gfdl-esm4.nc,5.38 GiB,4140f6513ebbb9fd5ed7f8ff7686313c673bed523b3ebb696563d0bf58e4fb50 
GCM_average/wtd_average_2015_2100_ssp370_ipsl-cm6a-lr.nc,5.38 GiB,40ea43744a1c55913fea5ec6cac93bf1cb7983ec2922ec8f5ad8809945e7084b 
GCM_average/wtd_average_2015_2100_ssp370_mpi-esm1-2-hr.nc,5.38 GiB,452de3ed742081ce8a581ad4f5fc53b8d902c170c7dc7a73069dce4922438fed 
GCM_average/wtd_average_2015_2100_ssp370_mri-esm2-0.nc,5.38 GiB,820cb6cd314341c8361f67da6a973f47444420c13a5f8ef6fc73b033db030116 
GCM_average/wtd_average_2015_2100_ssp370_ukesm1-0-ll.nc,5.38 GiB,5f8db6d8241074ad3020de39b646a19b15fcb9844b6f0d881b391df073f6a378 
GCM_average/wtd_average_2015_2100_ssp585_gfdl-esm4.nc,5.38 GiB,615ade598fed7c7744e94850792ef830d96066810a6ada8a195d5b2ddbc18912 
GCM_average/wtd_average_2015_2100_ssp585_ipsl-cm6a-lr.nc,5.38 GiB,1df2a94c3b5ee54ec650de407aa96325a3082c7841a6b5b0b08826a859a83332 
GCM_average/wtd_average_2015_2100_ssp585_mpi-esm1-2-hr.nc,5.38 GiB,7d7e01132db83c94a1e130ebf2e13c576fdafcf89d7314cb44d66bcfbe223308 
GCM_average/wtd_average_2015_2100_ssp585_mri-esm2-0.nc,5.38 GiB,08083b7aea77be3f8b9104b89f5e0dd264b41e2ea16b01fc76a28c29f235d9c8 
GCM_average/wtd_average_2015_2100_ssp585_ukesm1-0-ll.nc,5.38 GiB,23caa8a73ad7d5f1a8ea2fd170fefb1eae733ce6505b328036fff17a2a251802 
